{
	"info": {
		"_postman_id": "9cc335b5-526e-46b2-baef-0efe58f2ae23",
		"name": "Dark Mode",
		"schema": "https://schema.getpostman.com/json/collection/v2.1.0/collection.json",
		"_exporter_id": "21092293"
	},
	"item": [
		{
			"name": "http://localhost:8080/api/cars",
			"request": {
				"method": "POST",
				"header": [],
				"body": {
					"mode": "raw",
					"raw": "{\r\n    \"name\": \"Volkswagen\",\r\n    \"model\": \"Passat\"\r\n}",
					"options": {
						"raw": {
							"language": "json"
						}
					}
				},
				"url": {
					"raw": "http://localhost:8080/api/cars",
					"protocol": "http",
					"host": [
						"localhost"
					],
					"port": "8080",
					"path": [
						"api",
						"cars"
					]
				}
			},
			"response": []
		},
		{
			"name": "http://localhost:8080/api/cars",
			"request": {
				"method": "GET",
				"header": [],
				"url": {
					"raw": "http://localhost:8080/api/cars",
					"protocol": "http",
					"host": [
						"localhost"
					],
					"port": "8080",
					"path": [
						"api",
						"cars"
					]
				}
			},
			"response": []
		},
		{
			"name": "http://localhost:8080/api/dark-mode",
			"request": {
				"method": "PUT",
				"header": [],
				"body": {
					"mode": "raw",
					"raw": "{\r\n    \"state\": \"true\"\r\n}",
					"options": {
						"raw": {
							"language": "json"
						}
					}
				},
				"url": {
					"raw": "http://localhost:8080/api/dark-mode",
					"protocol": "http",
					"host": [
						"localhost"
					],
					"port": "8080",
					"path": [
						"api",
						"dark-mode"
					]
				}
			},
			"response": []
		}
	]
}